{
    "annotated_cells": 1347, 
    "available_gb": 32.64786786646789, 
    "bases_in_peaks": 83562469, 
    "bc_q30_bases": 3381360484, 
    "bc_q30_bases_fract": 0.9287881635149665, 
    "bc_tot_bases": 3640615392, 
    "bulk_estimated_saturation": 0.7844390476556106, 
    "bulk_total_library_complexity": 86178045.57541455, 
    "bulk_unique_fragments_at_30000000_reads": 12845542.767686246, 
    "cell_threshold": 424, 
    "cellranger-atac_version": "1.2.0", 
    "cells_detected": 1347, 
    "ctcf_enrichment_score": 1.252035983662014, 
    "downsample_succeeded": true, 
    "estimated_cells_present": 1714, 
    "estimated_fraction_cells_annotated": 0.7858809801633606, 
    "estimated_gelbead_doublet_rate": 0.04946996466431095, 
    "fitted_dispersion_noise": 1.3167393092742972, 
    "fitted_dispersion_signal": 2.2294615817027417, 
    "fitted_mean_noise": 19.149718858071477, 
    "fitted_mean_signal": 10696.77759692536, 
    "frac_cut_fragments_in_peaks": 0.6404372676992394, 
    "frac_fragments_nfr": 0.42198045081766117, 
    "frac_fragments_nfr_or_nuc": 0.8339727179367533, 
    "frac_fragments_nuc": 0.4119922671190921, 
    "frac_fragments_overlapping_blacklist": 0.0044726981595283434, 
    "frac_fragments_overlapping_dnase": 0.627862313187125, 
    "frac_fragments_overlapping_enhancer": 0.31351003206197314, 
    "frac_fragments_overlapping_peaks": 0.6651743612287033, 
    "frac_fragments_overlapping_promoter": 0.3391554287701182, 
    "frac_fragments_overlapping_targets": 0.7694812822854716, 
    "frac_fragments_overlapping_tss": 0.37414003741575647, 
    "frac_mapped_confidently": 0.8306589327302388, 
    "frac_valid_barcode": 0.9808985919927682, 
    "frac_valid_noncell": 0.5635848261460191, 
    "frac_waste_cell_nondup": 0.07983825666106158, 
    "frac_waste_chimeric": 0.0036144702428374505, 
    "frac_waste_duplicate": 0.27304247138666166, 
    "frac_waste_lowmapq": 0.02159849353293071, 
    "frac_waste_mitochondrial": 0.000636503379371528, 
    "frac_waste_no_barcode": 0.01910140800723176, 
    "frac_waste_non_cell_barcode": 0.5528195624351192, 
    "frac_waste_overall_nondup": 0.6060980538753927, 
    "frac_waste_total": 0.8791405252620543, 
    "frac_waste_unmapped": 0.008327616277902064, 
    "fraction_cell_calling_noise": 0.5837690549560057, 
    "fraction_gelbead_doublets_cells": 0.02857142857142858, 
    "fraction_of_genome_within_2000bp_of_peaks": 0.15236811186697832, 
    "goodness_of_fit": 0.05338367450149942, 
    "insert_nucleosome_period": 183.66666666666669, 
    "insert_twist_period": 10.028571428571428, 
    "mean_fragments_per_cell": 20415.871566443948, 
    "mean_fragments_per_noncell": 94.6013890166715, 
    "median_fragments_per_cell": 13663.0, 
    "median_fragments_per_noncell": 1.0, 
    "median_frags_overlapping_peaks_per_cell": 9581.0, 
    "median_per_cell_estimated_saturation": 0.8353237111214976, 
    "median_per_cell_total_library_complexity": 16356.533183592008, 
    "median_per_cell_unique_fragments_at_10000_HQ_RPC": 2802.6171137732063, 
    "median_per_cell_unique_fragments_at_10000_RRPC": 1230.5509596607421, 
    "median_per_cell_unique_fragments_at_30000_HQ_RPC": 6533.786722335169, 
    "median_per_cell_unique_fragments_at_30000_RRPC": 3293.875167572996, 
    "median_per_cell_unique_fragments_at_50000_HQ_RPC": 8937.499858561914, 
    "median_per_cell_unique_fragments_at_50000_RRPC": 4944.150375273309, 
    "min_fragments_per_cell": 602, 
    "num_fragments": 227538462, 
    "num_reads": 455076924, 
    "number_of_low_targeting_barcodes": 178369, 
    "peakcaller_alpha_bg_noise": 0.15322582662055037, 
    "peakcaller_frac_bg_noise": 0.7862932041004309, 
    "peakcaller_frac_zero_noise": 0.18598745517336934, 
    "peakcaller_mean_bg_noise": 15.926829949551164, 
    "peakcaller_p_signal": 0.0046618263187860245, 
    "peakcaller_p_zero_noise": 0.05177290161346321, 
    "peakcaller_threshold": 56, 
    "post_downsample_gb": 32.64786786646789, 
    "putative_barcode_multiplets_found": 27923, 
    "putative_gelbead_doublets_found": 87, 
    "r1_q30_bases": 14525824014, 
    "r1_q30_bases_fract": 0.9346291338593837, 
    "r1_tot_bases": 15541805287, 
    "r2_q30_bases": 14358407366, 
    "r2_q30_bases_fract": 0.9225322207633098, 
    "r2_tot_bases": 15564125613, 
    "reference_annotation": "gencode.vM17.basic", 
    "reference_annotation_gtf_url": "ftp://ftp.ebi.ac.uk/pub/databases/gencode/Gencode_mouse/release_M17/gencode.vM17.basic.annotation.gtf.gz", 
    "reference_assembly": "mm10", 
    "reference_assembly_accession": "GCA_000001635.5", 
    "reference_assembly_fasta_url": "ftp://ftp.ncbi.nlm.nih.gov/genomes/all/GCA/000/001/635/GCA_000001635.5_GRCm38.p3/seqs_for_alignment_pipelines.ucsc_ids/GCA_000001635.5_GRCm38.p3_no_alt_analysis_set.fna.gz", 
    "reference_organism": "Mus_musculus", 
    "reference_version": "1.2", 
    "requested_gb": null, 
    "requested_rate": null, 
    "si_q30_bases": 1731722598, 
    "si_q30_bases_fract": 0.9513350967011458, 
    "si_tot_bases": 1820307696, 
    "stdev_fragments_per_cell": 28646.088492400886, 
    "total_passed_filter_fragments": 67601424, 
    "total_peaks_detected": 98300, 
    "total_usable_fragments": 27500179, 
    "tss_enrichment_score": 8.472656250008303, 
    "waste_cell_dup_fragments": 62127664, 
    "waste_cell_lowmapq_fragments": 4914488, 
    "waste_cell_mito_fragments": 144829, 
    "waste_cell_unmapped_fragments": 1894853, 
    "waste_chimeric_fragments": 822431.0, 
    "waste_duplicate_fragments": 62127664.0, 
    "waste_lowmapq_fragments": 4914488.0, 
    "waste_mitochondrial_fragments": 144829.0, 
    "waste_no_barcode_fragments": 4346305, 
    "waste_non_cell_barcode_fragments": 125787713, 
    "waste_ratio_dup_cells": 2.2591730766552467, 
    "waste_ratio_dup_noncells": 1.4782026842308762, 
    "waste_ratio_lowmapq_cells": 0.054832157458034554, 
    "waste_ratio_lowmapq_noncells": 0.22178260112122467, 
    "waste_ratio_mito_cells": 0.0016158929541571138, 
    "waste_ratio_mito_noncells": 0.0012315075014882669, 
    "waste_ratio_unmapped_cells": 0.02114134332118201, 
    "waste_ratio_unmapped_noncells": 0.033379492307898044, 
    "waste_total_fragments": 200038283, 
    "waste_unmapped_fragments": 1894853.0
}